prediction,post_at_sast
Arsenal v Leeds - Arsenal to win - less than 4 goals,10/05/2026 - 18:00
Sunderland v Brighton - Brighton or draw - both teams to score,10/06/2026 - 18:00
Ipswich v Fulham - Fulham or draw - both teams to score,10/07/2026 - 18:00
Aston Villa v Brentford - Aston Villa or draw - both teams to score,10/08/2026 - 18:00
Chelsea v Bournemouth - Chelsea to win - less than 4 goals,10/09/2026 - 12:00
Manchester United v Tottenham - Manchester United to win - less than 4 goals,10/09/2026 - 18:00
Hull v Everton - Everton or draw - more than 1 goal,10/10/2026 - 12:00
Crystal Palace v Nottingham Forest - Crystal Palace or draw - less than 3 goals,10/10/2026 - 15:00
Liverpool v Manchester City - Liverpool or draw - less than 4 goals,10/10/2026 - 18:00
Coventry v Newcastle United - Newcastle United or draw - less than 3 goals,10/11/2026 - 18:00
Everton v Chelsea - Chelsea or draw - both teams to score,10/12/2026 - 18:00
Brentford v Liverpool - Liverpool or draw - less than 4 goals,10/13/2026 - 18:00
Fulham v Hull - Fulham to win - less than 3 goals,10/14/2026 - 18:00
Manchester City v Ipswich - Manchester City to win - less than 4 goals,10/15/2026 - 18:00
Newcastle United v Aston Villa - Newcastle United or draw - less than 4 goals,10/16/2026 - 18:00
Brighton v Crystal Palace - Brighton to win - less than 4 goals,10/17/2026 - 09:00
Bournemouth v Sunderland - Bournemouth to win - both teams to score,10/17/2026 - 12:00
Leeds v Manchester United - Manchester United or draw - both teams to score,10/17/2026 - 15:00
Nottingham Forest v Arsenal - Arsenal to win - both teams not to score,10/17/2026 - 18:00
