date,kickoff_uk,match,home_team,away_team,pricing,winner_market,winner_selection,winner_probability,winner_odds,other_market,other_selection,other_probability,other_odds
2026-10-10,12:30,Arsenal vs Leeds,Arsenal,Leeds,model+market,Match Result,Arsenal to win,0.68,1.47,Total Goals,Under 3.5 goals,0.66,1.52
2026-10-10,15:00,Sunderland vs Brighton,Sunderland,Brighton,model+market,Double Chance,Brighton or Draw,0.669,1.5,Both Teams To Score,Yes,0.531,1.88
2026-10-10,15:00,Ipswich vs Fulham,Ipswich,Fulham,model+market,Double Chance,Fulham or Draw,0.667,1.5,Both Teams To Score,Yes,0.554,1.8
2026-10-10,15:00,Aston Villa vs Brentford,Aston Villa,Brentford,model+market,Double Chance,Aston Villa or Draw,0.631,1.58,Both Teams To Score,Yes,0.553,1.81
2026-10-10,15:00,Chelsea vs Bournemouth,Chelsea,Bournemouth,model+market,Match Result,Chelsea to win,0.529,1.89,Total Goals,Under 3.5 goals,0.637,1.57
2026-10-10,17:30,Manchester United vs Tottenham,Manchester United,Tottenham,model+market,Match Result,Manchester United to win,0.559,1.79,Total Goals,Under 3.5 goals,0.628,1.59
2026-10-11,14:00,Hull vs Everton,Hull,Everton,market-only,Double Chance,Everton or Draw,0.746,1.34,Total Goals,Over 1.5 goals,0.643,1.55
2026-10-11,14:00,Crystal Palace vs Nottingham Forest,Crystal Palace,Nottingham Forest,model+market,Double Chance,Crystal Palace or Draw,0.677,1.48,Total Goals,Under 2.5 goals,0.529,1.89
2026-10-11,16:30,Liverpool vs Manchester City,Liverpool,Manchester City,model+market,Double Chance,Liverpool or Draw,0.629,1.59,Total Goals,Under 3.5 goals,0.655,1.53
2026-10-12,20:00,Coventry vs Newcastle United,Coventry,Newcastle United,market-only,Double Chance,Newcastle United or Draw,0.71,1.41,Total Goals,Under 2.5 goals,0.541,1.85
2026-10-17,12:30,Everton vs Chelsea,Everton,Chelsea,model+market,Double Chance,Chelsea or Draw,0.663,1.51,Both Teams To Score,Yes,0.575,1.74
2026-10-17,15:00,Brentford vs Liverpool,Brentford,Liverpool,model+market,Double Chance,Liverpool or Draw,0.651,1.54,Total Goals,Under 3.5 goals,0.647,1.54
2026-10-17,15:00,Fulham vs Hull,Fulham,Hull,market-only,Match Result,Fulham to win,0.57,1.75,Total Goals,Under 2.5 goals,0.53,1.89
2026-10-17,15:00,Manchester City vs Ipswich,Manchester City,Ipswich,model+market,Match Result,Manchester City to win,0.807,1.24,Total Goals,Under 3.5 goals,0.508,1.97
2026-10-17,17:30,Newcastle United vs Aston Villa,Newcastle United,Aston Villa,model+market,Double Chance,Newcastle United or Draw,0.712,1.4,Total Goals,Under 3.5 goals,0.663,1.51
2026-10-18,14:00,Brighton vs Crystal Palace,Brighton,Crystal Palace,model+market,Match Result,Brighton to win,0.555,1.8,Total Goals,Under 3.5 goals,0.633,1.58
2026-10-18,14:00,Bournemouth vs Sunderland,Bournemouth,Sunderland,model+market,Match Result,Bournemouth to win,0.506,1.98,Both Teams To Score,Yes,0.531,1.88
2026-10-18,14:00,Leeds vs Manchester United,Leeds,Manchester United,model+market,Double Chance,Manchester United or Draw,0.64,1.56,Both Teams To Score,Yes,0.58,1.72
2026-10-18,16:30,Nottingham Forest vs Arsenal,Nottingham Forest,Arsenal,model+market,Match Result,Arsenal to win,0.587,1.7,Both Teams To Score,No,0.563,1.78
